{"Name":"US+SF+CZ6A+oilfurnace+crawlspace+IECC_2021","Con":{"Name":"US+SF+CZ6A+oilfurnace+crawlspace+IECC_2021","UValueFacade":0.819477848703775,"UValueRoof":5.3576765746083,"UValueBasementWall":12.927277671372158,"UValueFloorGround":1.7024041174640363,"UValueDoor":1.7035800000000005,"FCfactor":{"FFactor":0.0,"CFactor":0.0,"GroundTemperature":[13.0,13.0,13.0,13.0,13.0,13.0,13.0,13.0,13.0,13.0,13.0,13.0]},"Glazing":{"Name":"US+SF+CZ6A+oilfurnace+crawlspace+IECC_2021","SHGF":0.7,"UValue":1.7039622539159822,"TVis":0.8},"WWR_S":0.12749999999999947,"WWR_E":0.15072996130884397,"WWR_W":0.15072996130884397,"WWR_N":0.12749999999999947,"WWR_R":0.0,"DoorRatio":0.015555277340763167,"ThermalMass":{"mass_area_factor":2.5,"thermal_capacitance_per_floor_area":165000.0,"CapacityClass":"Medium"}},"Systems":{"HeatRecoveryVentEfficiency":0.6,"max_cooling_energy_per_floor_area":-1.7976931348623157E+308,"max_heating_energy_per_floor_area":1.7976931348623157E+308,"heating_supply_system":{"COP":"NaN","FuelType":"FuelOil"},"cooling_supply_system":{"COP":"NaN","FuelType":"Electricity"},"heating_emission_system":{},"cooling_emission_system":{},"SpecificFanPower":500.0,"HotWaterFuel":"Gas","HotWaterCOP":0.8},"ExternalLoads":{"ScheduledExtLighting":{"Value":0.11413345506862946,"Schedule":{"Name":null,"DaySchedules":[{"Values":[0.8676631331413271,0.8676631331413271,0.8676631331413271,0.8676631331413271,0.8872028047580439,0.9189547711352087,0.06838885065850886,0.06106147380224006,0.02686704847298562,0.018318442140672016,0.018318442140672016,0.018318442140672016,0.018318442140672016,0.018318442140672016,0.018318442140672016,0.03175196637716483,0.06838885065850886,0.09525589913149447,0.9861223923176727,1.0,1.0,0.9653614912249112,0.9177335416591639,0.8823178868538647]},{"Values":[0.8676631331413271,0.8676631331413271,0.8676631331413271,0.8872028047580439,0.9189547711352087,0.06838885065850886,0.06106147380224006,0.02686704847298562,0.018318442140672016,0.018318442140672016,0.018318442140672016,0.018318442140672016,0.018318442140672016,0.018318442140672016,0.03175196637716483,0.06838885065850886,0.09525589913149447,0.9861223923176727,1.0,1.0,0.9653614912249112,0.9177335416591639,0.8823178868538647,0.8676631331413271]}],"DayScheduleIndices":[0,0,0,0,0,0,0,0,0,0,0,0,0,0,0,0,0,0,0,0,0,0,0,0,0,0,0,0,0,0,0,0,0,0,0,0,0,0,0,0,0,0,0,0,0,0,0,0,0,0,0,0,0,0,0,0,0,0,0,0,0,0,0,0,0,0,0,0,0,1,1,1,1,1,1,1,1,1,1,1,1,1,1,1,1,1,1,1,1,1,1,1,1,1,1,1,1,1,1,1,1,1,1,1,1,1,1,1,1,1,1,1,1,1,1,1,1,1,1,1,1,1,1,1,1,1,1,1,1,1,1,1,1,1,1,1,1,1,1,1,1,1,1,1,1,1,1,1,1,1,1,1,1,1,1,1,1,1,1,1,1,1,1,1,1,1,1,1,1,1,1,1,1,1,1,1,1,1,1,1,1,1,1,1,1,1,1,1,1,1,1,1,1,1,1,1,1,1,1,1,1,1,1,1,1,1,1,1,1,1,1,1,1,1,1,1,1,1,1,1,1,1,1,1,1,1,1,1,1,1,1,1,1,1,1,1,1,1,1,1,1,1,1,1,1,1,1,1,1,1,1,1,1,1,1,1,1,1,1,1,1,1,1,1,1,1,1,1,1,1,1,1,1,1,1,1,1,1,1,1,1,1,1,1,1,1,1,1,1,1,1,1,1,1,1,1,1,1,1,1,1,1,1,1,1,1,1,0,0,0,0,0,0,0,0,0,0,0,0,0,0,0,0,0,0,0,0,0,0,0,0,0,0,0,0,0,0,0,0,0,0,0,0,0,0,0,0,0,0,0,0,0,0,0,0,0,0,0,0,0,0,0,0,0,0],"DST":true,"DSTStart":70,"DSTEnd":307}},"LightingAstronomicalClock":0.0,"ElevatorPower":{"Value":0.0,"Schedule":{"Name":null}}},"Spaceloads":[{"Name":"LIVING_UNIT1","BuildingType":"US+SF+CZ6A+oilfurnace+crawlspace+IECC_2021","AreaWeight":220.81784386617184,"VolumnWeight":482.74741988387524,"t_set_heating":20.0,"t_set_cooling":26.0,"HeatingSetpoint":{"Name":null,"DaySchedules":[{"Values":[22.2222222222223,22.2222222222223,22.2222222222223,22.2222222222223,22.2222222222223,22.2222222222223,22.2222222222223,22.2222222222223,22.2222222222223,22.2222222222223,22.2222222222223,22.2222222222223,22.2222222222223,22.2222222222223,22.2222222222223,22.2222222222223,22.2222222222223,22.2222222222223,22.2222222222223,22.2222222222223,22.2222222222223,22.2222222222223,22.2222222222223,22.2222222222223]}],"DayScheduleIndices":[0,0,0,0,0,0,0,0,0,0,0,0,0,0,0,0,0,0,0,0,0,0,0,0,0,0,0,0,0,0,0,0,0,0,0,0,0,0,0,0,0,0,0,0,0,0,0,0,0,0,0,0,0,0,0,0,0,0,0,0,0,0,0,0,0,0,0,0,0,0,0,0,0,0,0,0,0,0,0,0,0,0,0,0,0,0,0,0,0,0,0,0,0,0,0,0,0,0,0,0,0,0,0,0,0,0,0,0,0,0,0,0,0,0,0,0,0,0,0,0,0,0,0,0,0,0,0,0,0,0,0,0,0,0,0,0,0,0,0,0,0,0,0,0,0,0,0,0,0,0,0,0,0,0,0,0,0,0,0,0,0,0,0,0,0,0,0,0,0,0,0,0,0,0,0,0,0,0,0,0,0,0,0,0,0,0,0,0,0,0,0,0,0,0,0,0,0,0,0,0,0,0,0,0,0,0,0,0,0,0,0,0,0,0,0,0,0,0,0,0,0,0,0,0,0,0,0,0,0,0,0,0,0,0,0,0,0,0,0,0,0,0,0,0,0,0,0,0,0,0,0,0,0,0,0,0,0,0,0,0,0,0,0,0,0,0,0,0,0,0,0,0,0,0,0,0,0,0,0,0,0,0,0,0,0,0,0,0,0,0,0,0,0,0,0,0,0,0,0,0,0,0,0,0,0,0,0,0,0,0,0,0,0,0,0,0,0,0,0,0,0,0,0,0,0,0,0,0,0,0,0,0,0,0,0,0,0,0,0,0,0,0,0,0,0,0,0,0,0,0,0,0,0,0,0,0,0,0,0,0,0,0,0,0,0],"DST":true,"DSTStart":70,"DSTEnd":307},"CoolingSetpoint":{"Name":null,"DaySchedules":[{"Values":[23.888888888889,23.888888888889,23.888888888889,23.888888888889,23.888888888889,23.888888888889,23.888888888889,23.888888888889,23.888888888889,23.888888888889,23.888888888889,23.888888888889,23.888888888889,23.888888888889,23.888888888889,23.888888888889,23.888888888889,23.888888888889,23.888888888889,23.888888888889,23.888888888889,23.888888888889,23.888888888889,23.888888888889]}],"DayScheduleIndices":[0,0,0,0,0,0,0,0,0,0,0,0,0,0,0,0,0,0,0,0,0,0,0,0,0,0,0,0,0,0,0,0,0,0,0,0,0,0,0,0,0,0,0,0,0,0,0,0,0,0,0,0,0,0,0,0,0,0,0,0,0,0,0,0,0,0,0,0,0,0,0,0,0,0,0,0,0,0,0,0,0,0,0,0,0,0,0,0,0,0,0,0,0,0,0,0,0,0,0,0,0,0,0,0,0,0,0,0,0,0,0,0,0,0,0,0,0,0,0,0,0,0,0,0,0,0,0,0,0,0,0,0,0,0,0,0,0,0,0,0,0,0,0,0,0,0,0,0,0,0,0,0,0,0,0,0,0,0,0,0,0,0,0,0,0,0,0,0,0,0,0,0,0,0,0,0,0,0,0,0,0,0,0,0,0,0,0,0,0,0,0,0,0,0,0,0,0,0,0,0,0,0,0,0,0,0,0,0,0,0,0,0,0,0,0,0,0,0,0,0,0,0,0,0,0,0,0,0,0,0,0,0,0,0,0,0,0,0,0,0,0,0,0,0,0,0,0,0,0,0,0,0,0,0,0,0,0,0,0,0,0,0,0,0,0,0,0,0,0,0,0,0,0,0,0,0,0,0,0,0,0,0,0,0,0,0,0,0,0,0,0,0,0,0,0,0,0,0,0,0,0,0,0,0,0,0,0,0,0,0,0,0,0,0,0,0,0,0,0,0,0,0,0,0,0,0,0,0,0,0,0,0,0,0,0,0,0,0,0,0,0,0,0,0,0,0,0,0,0,0,0,0,0,0,0,0,0,0,0,0,0,0,0,0,0],"DST":true,"DSTStart":70,"DSTEnd":307},"Vent_ACH":0.0,"Vent_OutdoorAirFlowperPerson":0.0,"Vent_OutdoorAirFlowperZoneFloorArea":0.00012823622388069696,"Infil_ACH":0.0,"Infil_FlowRateperExteriorSurfaceArea":0.0,"EquipmentPowerDensity":{"Value":6.0263681179397715,"Schedule":{"Name":null,"DaySchedules":[{"Values":[0.5059276592948035,0.460243395773216,0.44482045845447543,0.4333689950068285,0.4276735121913042,0.48102587383255613,0.5887801716951027,0.6835668123696342,0.6624523858642858,0.6488338377453254,0.6638408081521873,0.6735045842154925,0.660478895112504,0.646667890550826,0.6456045622069368,0.6760192083803114,0.7952548914898308,0.979387621675513,1.0,0.9562305367053751,0.9411152060754245,0.9047478235276117,0.767549782604879,0.6340609238630875]},{"Values":[0.5015727247442429,0.45761797245121955,0.44310614474971716,0.4324130442174737,0.4258519668286323,0.47815720606057716,0.581616341898638,0.6693585562967455,0.640537066551978,0.6190721683217755,0.6308168516678939,0.6399471691577382,0.629976165990562,0.6187573032522928,0.6206498462755969,0.6524041908082211,0.7722312326491552,0.9565509850449362,0.9771615349327367,0.9330407171717702,0.9179014517908479,0.8815330752333589,0.7493852751341712,0.6240003930734963]},{"Values":[0.45761797245121955,0.44310614474971716,0.4324130442174737,0.4258519668286323,0.47815720606057716,0.581616341898638,0.6693585562967455,0.640537066551978,0.6190721683217755,0.6308168516678939,0.6399471691577382,0.629976165990562,0.6187573032522928,0.6206498462755969,0.6524041908082211,0.7722312326491552,0.9565509850449362,0.9771615349327367,0.9330407171717702,0.9179014517908479,0.8815330752333589,0.7493852751341712,0.6240003930734963,0.5015727247442429]},{"Values":[0.460243395773216,0.44482045845447543,0.4333689950068285,0.4276735121913042,0.48102587383255613,0.5887801716951027,0.6835668123696342,0.6624523858642858,0.6488338377453254,0.6638408081521873,0.6735045842154925,0.660478895112504,0.646667890550826,0.6456045622069368,0.6760192083803114,0.7952548914898308,0.979387621675513,1.0,0.9562305367053751,0.9411152060754245,0.9047478235276117,0.767549782604879,0.6340609238630875,0.5059276592948035]}],